key,title,authors,venue,year,volume,issue,pages,doi,url,verification_status,verified_via,verified_on,problem,method,testbed,key_result,limitation,relation_to_csc
aral2021spatiotemporal,Learning Spatiotemporal Failure Dependencies for Resilient Edge Computing Services,Atakan Aral; Ivona Brandic,IEEE Transactions on Parallel and Distributed Systems,2021,32,7,1578-1590,10.1109/TPDS.2020.3046188,https://doi.org/10.1109/TPDS.2020.3046188,verified,dblp rec journals/tpds/AralB21,2026-08-25,Correlated failures of edge services,Learned spatiotemporal failure dependency model for resilience-aware placement,TODO-read,TODO-read,No intervention-conditioned reasoning,Closest prior work on predicting correlated edge failure; CSC extends from prediction to intervention selection
kumar2023resilientedge,Resilient Edge: Building an Adaptive and Resilient Multi-Communication Network for IoT Edge Using LPWAN and WiFi,Vijay Kumar; Poonam Yadav; Leandro Soares Indrusiak,IEEE Transactions on Network and Service Management,2023,20,3,3055-3071,10.1109/TNSM.2022.3228291,https://doi.org/10.1109/TNSM.2022.3228291,verified,dblp rec journals/tnsm/KumarYI23,2026-08-25,Link-level resilience at the IoT edge,Adaptive multi-communication network switching between LPWAN and WiFi,Real hardware,TODO-read,Reactive link switching without predictive or counterfactual reasoning,Baseline class B1 analogue; motivates reroute action a1
esmat2023slicing,Toward Resilient Network Slicing for Satellite-Terrestrial Edge Computing IoT,Haitham H. Esmat; Beatriz Lorenzo; Weisong Shi,IEEE Internet of Things Journal,2023,10,16,14621-14645,10.1109/JIOT.2023.3277466,https://doi.org/10.1109/JIOT.2023.3277466,verified,dblp rec journals/iotj/EsmatLS23,2026-08-25,Resilience of satellite-terrestrial edge IoT slices,Resilient slicing and resource allocation,Simulation,TODO-read,Planning-time resilience not runtime intervention,Establishes IoT-J venue fit for resilience work
shi2016edge,Edge Computing: Vision and Challenges,Weisong Shi; Jie Cao; Quan Zhang; Youhuizi Li; Lanyu Xu,IEEE Internet of Things Journal,2016,3,5,637-646,10.1109/JIOT.2016.2579198,https://doi.org/10.1109/JIOT.2016.2579198,verified,dblp rec journals/iotj/ShiCZLX16,2026-08-25,Foundations of edge computing,Position paper,n/a,n/a,n/a,Foundational citation for edge/IoT framing
xu2023cptimeseries,Conformal Prediction for Time Series,Chen Xu; Yao Xie,IEEE Transactions on Pattern Analysis and Machine Intelligence,2023,45,10,11575-11587,10.1109/TPAMI.2023.3272339,https://doi.org/10.1109/TPAMI.2023.3272339,verified,dblp rec journals/pami/XuX23,2026-08-25,Distribution-free UQ for dependent data,EnbPI-style conformal prediction for time series,Benchmarks,TODO-read,Exchangeability relaxations still assume structure,Direct methodological basis for the CSC calibration layer
gibbs2021aci,Adaptive Conformal Inference Under Distribution Shift,Isaac Gibbs; Emmanuel Candes,arXiv preprint,2021,,,,10.48550/arXiv.2106.00170,https://arxiv.org/abs/2106.00170,verified,arXiv abs page,2026-08-25,Coverage under distribution shift,Online re-estimation of a single time-varying miscoverage parameter,Real datasets,Long-run coverage irrespective of the data-generating process,Guarantee is long-run not per-step,Fallback calibration method for the scenario-shift experiments
angelopoulos2021gentle,A Gentle Introduction to Conformal Prediction and Distribution-Free Uncertainty Quantification,Anastasios N. Angelopoulos; Stephen Bates,arXiv preprint,2021,,,,10.48550/arXiv.2107.07511,https://arxiv.org/abs/2107.07511,verified,arXiv abs page,2026-08-25,Tutorial on conformal prediction,Tutorial,n/a,n/a,Tutorial not primary result,Cited for CP assumptions and terminology
lindemann2024cpverification,Formal Verification and Control with Conformal Prediction,Lars Lindemann; Yiqi Zhao; Xinyi Yu; George J. Pappas; Jyotirmoy V. Deshmukh,arXiv preprint,2024,,,,10.48550/arXiv.2409.00536,https://arxiv.org/abs/2409.00536,verified,arXiv abs page,2026-08-25,Safety guarantees for learning-enabled autonomous systems,Survey of CP for verification and control,n/a,n/a,Survey,Justifies calibrated risk bounds as a safety-gate mechanism; check for a published IEEE version before submission
huang2025cascades,Reliable Inference in Edge-Cloud Model Cascades via Conformal Alignment,Jiayi Huang; Sangwoo Park; Nicola Paoletti; Osvaldo Simeone,arXiv preprint,2025,,,,10.48550/arXiv.2510.17543,https://arxiv.org/abs/2510.17543,verified,arXiv abs page,2026-08-25,Reliable edge inference with cloud fallback,Conformal alignment deciding local vs cloud inference,Benchmarks,Edge decisions matched to cloud-level reliability,Inference offloading not system control,Nearest analogue of a calibrated abstention/escalation gate outside self-healing
desilva2026aurora,An Uncertainty-Aware Resilience Micro-Agent for Causal Observability in the Computing Continuum,Suvi De Silva; Alfreds Lapkovskis; Alaa Saleh; Sasu Tarkoma; Praveen Kumar Donta,arXiv preprint,2026,,,,,https://arxiv.org/abs/2605.10718,verified-preprint,arXiv HTML v1,2026-08-25,Grey failures in the computing continuum,Free-energy principle + do-calculus over Markov-blanket causal state graphs with dual-gated execution and abstention,Python Monte-Carlo simulator (30006 trials),0% destructive action rate; 62.0% repair accuracy; 3 ms MTTR; 65.9% abstention,Simulator only; VFE gate has no coverage semantics; no cost model; no counterfactual validation,PRIMARY NOVELTY THREAT - overlaps on causal intervention + uncertainty gate + abstention
ye2026nesyedge,NeSy-Edge: Neuro-Symbolic Trustworthy Self-Healing in the Computing Continuum,Peihan Ye; Alfreds Lapkovskis; Alaa Saleh; Qiyang Zhang; Praveen Kumar Donta,arXiv preprint,2026,,,,,https://arxiv.org/abs/2603.21145,verified-preprint,arXiv HTML v1,2026-08-25,Self-healing under noisy logs in the continuum,Log parsing + prior-constrained sparse symbolic causal graph + retrieval for RCA and recovery recommendation,Loghub datasets (HDFS/OpenStack/Hadoop),Up to 75% RCA accuracy; 65% end-to-end; ~1500 MB memory,Recommendation not control; no UQ; no live system,Secondary threat - occupies causal self-healing framing; CSC must be positioned as control not recommendation
schulman2017ppo,Proximal Policy Optimization Algorithms,John Schulman; Filip Wolski; Prafulla Dhariwal; Alec Radford; Oleg Klimov,arXiv preprint,2017,,,,10.48550/arXiv.1707.06347,https://arxiv.org/abs/1707.06347,verified,arXiv abs page,2026-08-25,Policy-gradient RL,PPO,n/a,n/a,n/a,Baseline B4 reference
pearl2009causality,Causality: Models Reasoning and Inference,Judea Pearl,Cambridge University Press,2009,,,,,,PENDING,,,Causal inference foundations,do-calculus and SCMs,n/a,n/a,n/a,Foundational - MUST verify edition/ISBN/publisher before use
peters2017elements,Elements of Causal Inference: Foundations and Learning Algorithms,Jonas Peters; Dominik Janzing; Bernhard Schoelkopf,MIT Press,2017,,,,,,PENDING,,,Causal inference foundations,SCM theory,n/a,n/a,n/a,Foundational - MUST verify before use
sutton2018rl,Reinforcement Learning: An Introduction,Richard S. Sutton; Andrew G. Barto,MIT Press,2018,,,,,,PENDING,,,RL foundations,Textbook,n/a,n/a,n/a,Foundational - MUST verify edition before use
TODO_rl_mec_recovery,TODO: RL-based recovery/offloading control in mobile edge computing,,,,,,,,,NOT_SEARCHED,,,,,,,,Needed for novelty matrix row 11
TODO_gnn_failure_iot,TODO: GNN-based failure/anomaly prediction in IoT,,,,,,,,,NOT_SEARCHED,,,,,,,,Needed for novelty matrix row 12
TODO_microservice_rca,TODO: microservice root-cause analysis,,,,,,,,,NOT_SEARCHED,,,,,,,,Needed for novelty matrix row 13
TODO_chaos_engineering,TODO: chaos engineering as experimental methodology,,,,,,,,,NOT_SEARCHED,,,,,,,,Needed for novelty matrix row 14
TODO_digital_twin_edge,TODO: digital-twin edge resilience,,,,,,,,,NOT_SEARCHED,,,,,,,,Needed for novelty matrix row 15 - also needed to justify NOT calling CSC a digital twin
